Gene	logFC	FDR adjusted Pvalue
9543	6.086662603	7.11E-33
165	2.119807885	3.26E-30
2200	2.11041009	1.21E-29
1307	1.870069522	2.53E-29
633	1.863730569	2.53E-29
1289	2.382577694	1.26E-